operator,total_revenue,month,pre_revenue,growth_rate
Jazz,136822.84,2021-01,,
Jazz,309854.37,2021-02,136822.84,126.46
Jazz,573820.59,2021-03,309854.37,85.19
Jazz,746450.73,2021-04,573820.59,30.08
Jazz,1005353.3,2021-05,746450.73,34.68
Jazz,1105794.33,2021-06,1005353.3,9.99
Jazz,1432208.75,2021-07,1105794.33,29.52
Jazz,1564664.52,2021-08,1432208.75,9.25
Jazz,1755787.56,2021-09,1564664.52,12.21
Jazz,2063266.98,2021-10,1755787.56,17.51
Jazz,2140118.11,2021-11,2063266.98,3.72
Jazz,2389850.91,2021-12,2140118.11,11.67
Jazz,2624970.4,2022-01,2389850.91,9.84
Jazz,2612575.64,2022-02,2624970.4,-0.47
Jazz,3167315.46,2022-03,2612575.64,21.23
Jazz,3158329.55,2022-04,3167315.46,-0.28
Jazz,3428937.65,2022-05,3158329.55,8.57
Jazz,3652480.35,2022-06,3428937.65,6.52
Jazz,3917316.39,2022-07,3652480.35,7.25
Jazz,4027469.23,2022-08,3917316.39,2.81
Jazz,4124653.91,2022-09,4027469.23,2.41
Jazz,4529201.76,2022-10,4124653.91,9.81
Jazz,4527637.08,2022-11,4529201.76,-0.03
Jazz,4854694.92,2022-12,4527637.08,7.22
Jazz,5075821.99,2023-01,4854694.92,4.55
Jazz,4774577.87,2023-02,5075821.99,-5.93
Jazz,5922548.97,2023-03,4774577.87,24.04
Jazz,5354551.5,2023-04,5922548.97,-9.59
Jazz,5947540.34,2023-05,5354551.5,11.07
Jazz,6078957.69,2023-06,5947540.34,2.21
Jazz,6379453.6,2023-07,6078957.69,4.94
Jazz,6583513.61,2023-08,6379453.6,3.2
Jazz,6516027.44,2023-09,6583513.61,-1.03
Jazz,7148814.61,2023-10,6516027.44,9.71
Jazz,6914012.36,2023-11,7148814.61,-3.28
Jazz,7461782.2,2023-12,6914012.36,7.92
Jazz,7494622.79,2024-01,7461782.2,0.44
Jazz,6892885.99,2024-02,7494622.79,-8.03
Jazz,7919280.5,2024-03,6892885.99,14.89
Jazz,7412892.46,2024-04,7919280.5,-6.39
Jazz,7785891.65,2024-05,7412892.46,5.03
Jazz,7452826.72,2024-06,7785891.65,-4.28
Jazz,8284825.32,2024-07,7452826.72,11.16
Jazz,7872267.38,2024-08,8284825.32,-4.98
Jazz,7791169.62,2024-09,7872267.38,-1.03
Jazz,8251911.37,2024-10,7791169.62,5.91
Jazz,7927400.45,2024-11,8251911.37,-3.93
Jazz,8468678.46,2024-12,7927400.45,6.83
Jazz,8352706.93,2025-01,8468678.46,-1.37
Jazz,7825684.74,2025-02,8352706.93,-6.31
Jazz,9125837.41,2025-03,7825684.74,16.61
Jazz,8612632.86,2025-04,9125837.41,-5.62
Jazz,9130665.12,2025-05,8612632.86,6.01
Jazz,8751323.62,2025-06,9130665.12,-4.15
Jazz,9346084.35,2025-07,8751323.62,6.8
Jazz,9450073.11,2025-08,9346084.35,1.11
Jazz,9351847.67,2025-09,9450073.11,-1.04
Jazz,10101223.27,2025-10,9351847.67,8.01
Jazz,9738945.26,2025-11,10101223.27,-3.59
Jazz,10742073.31,2025-12,9738945.26,10.3
Jazz,10833617.88,2026-01,10742073.31,0.85
Jazz,10083293.54,2026-02,10833617.88,-6.93
Jazz,12475173.63,2026-03,10083293.54,23.72
Jazz,12140778.18,2026-04,12475173.63,-2.68
Jazz,13780055.1,2026-05,12140778.18,13.5
Jazz,14655071.38,2026-06,13780055.1,6.35
Jazz,6037514.65,2026-07,14655071.38,-58.8
Telenor,4050.0,2021-01,,
Telenor,22231.79,2021-02,4050.0,448.93
Telenor,45018.8,2021-03,22231.79,102.5
Telenor,62021.33,2021-04,45018.8,37.77
Telenor,83406.5,2021-05,62021.33,34.48
Telenor,84568.73,2021-06,83406.5,1.39
Telenor,126711.09,2021-07,84568.73,49.83
Telenor,108283.01,2021-08,126711.09,-14.54
Telenor,146726.38,2021-09,108283.01,35.5
Telenor,161902.35,2021-10,146726.38,10.34
Telenor,169798.96,2021-11,161902.35,4.88
Telenor,192257.11,2021-12,169798.96,13.23
Telenor,217886.28,2022-01,192257.11,13.33
Telenor,210346.54,2022-02,217886.28,-3.46
Telenor,261694.41,2022-03,210346.54,24.41
Telenor,262745.65,2022-04,261694.41,0.4
Telenor,296833.12,2022-05,262745.65,12.97
Telenor,308994.46,2022-06,296833.12,4.1
Telenor,321727.43,2022-07,308994.46,4.12
Telenor,386629.46,2022-08,321727.43,20.17
Telenor,361696.5,2022-09,386629.46,-6.45
Telenor,391126.18,2022-10,361696.5,8.14
Telenor,395593.4,2022-11,391126.18,1.14
Telenor,461908.2,2022-12,395593.4,16.76
Telenor,431726.0,2023-01,461908.2,-6.53
Telenor,429944.36,2023-02,431726.0,-0.41
Telenor,534965.24,2023-03,429944.36,24.43
Telenor,505209.09,2023-04,534965.24,-5.56
Telenor,530849.6,2023-05,505209.09,5.08
Telenor,556137.09,2023-06,530849.6,4.76
Telenor,529468.73,2023-07,556137.09,-4.8
Telenor,682676.17,2023-08,529468.73,28.94
Telenor,561324.2,2023-09,682676.17,-17.78
Telenor,625052.4,2023-10,561324.2,11.35
Telenor,612066.4,2023-11,625052.4,-2.08
Telenor,662811.9,2023-12,612066.4,8.29
Telenor,731334.78,2024-01,662811.9,10.34
Telenor,615416.24,2024-02,731334.78,-15.85
Telenor,763894.04,2024-03,615416.24,24.13
Telenor,686135.73,2024-04,763894.04,-10.18
Telenor,762247.5,2024-05,686135.73,11.09
Telenor,739539.68,2024-06,762247.5,-2.98
Telenor,830306.93,2024-07,739539.68,12.27
Telenor,782996.32,2024-08,830306.93,-5.7
Telenor,781777.32,2024-09,782996.32,-0.16
Telenor,832638.56,2024-10,781777.32,6.51
Telenor,824748.37,2024-11,832638.56,-0.95
Telenor,824277.72,2024-12,824748.37,-0.06
Telenor,852444.6,2025-01,824277.72,3.42
Telenor,766165.92,2025-02,852444.6,-10.12
Telenor,914212.0,2025-03,766165.92,19.32
Telenor,875796.42,2025-04,914212.0,-4.2
Telenor,888970.6,2025-05,875796.42,1.5
Telenor,902128.86,2025-06,888970.6,1.48
Telenor,925347.22,2025-07,902128.86,2.57
Telenor,920776.06,2025-08,925347.22,-0.49
Telenor,930695.73,2025-09,920776.06,1.08
Telenor,1027301.72,2025-10,930695.73,10.38
Telenor,1035261.55,2025-11,1027301.72,0.77
Telenor,1065801.41,2025-12,1035261.55,2.95
Telenor,1116865.97,2026-01,1065801.41,4.79
Telenor,1030440.33,2026-02,1116865.97,-7.74
Telenor,1242158.66,2026-03,1030440.33,20.55
Telenor,1214724.44,2026-04,1242158.66,-2.21
Telenor,1390339.59,2026-05,1214724.44,14.46
Telenor,1483724.23,2026-06,1390339.59,6.72
Telenor,607249.16,2026-07,1483724.23,-59.07
Ufone,82059.07,2021-01,,
Ufone,187880.92,2021-02,82059.07,128.96
Ufone,355161.34,2021-03,187880.92,89.04
Ufone,457219.31,2021-04,355161.34,28.74
Ufone,570939.41,2021-05,457219.31,24.87
Ufone,667795.78,2021-06,570939.41,16.96
Ufone,846486.42,2021-07,667795.78,26.76
Ufone,944225.94,2021-08,846486.42,11.55
Ufone,1002733.98,2021-09,944225.94,6.2
Ufone,1110892.95,2021-10,1002733.98,10.79
Ufone,1237884.68,2021-11,1110892.95,11.43
Ufone,1382708.71,2021-12,1237884.68,11.7
Ufone,1411319.59,2022-01,1382708.71,2.07
Ufone,1448899.71,2022-02,1411319.59,2.66
Ufone,1793675.07,2022-03,1448899.71,23.8
Ufone,1794821.89,2022-04,1793675.07,0.06
Ufone,2015085.26,2022-05,1794821.89,12.27
Ufone,2007918.35,2022-06,2015085.26,-0.36
Ufone,2295056.03,2022-07,2007918.35,14.3
Ufone,2293557.42,2022-08,2295056.03,-0.07
Ufone,2434422.93,2022-09,2293557.42,6.14
Ufone,2585594.12,2022-10,2434422.93,6.21
Ufone,2718522.99,2022-11,2585594.12,5.14
Ufone,2741002.02,2022-12,2718522.99,0.83
Ufone,2877580.94,2023-01,2741002.02,4.98
Ufone,2726477.58,2023-02,2877580.94,-5.25
Ufone,3318914.36,2023-03,2726477.58,21.73
Ufone,3117335.36,2023-04,3318914.36,-6.07
Ufone,3381539.04,2023-05,3117335.36,8.48
Ufone,3339521.14,2023-06,3381539.04,-1.24
Ufone,3684029.0,2023-07,3339521.14,10.32
Ufone,3744161.89,2023-08,3684029.0,1.63
Ufone,3684465.21,2023-09,3744161.89,-1.59
Ufone,4022803.73,2023-10,3684465.21,9.18
Ufone,3898348.13,2023-11,4022803.73,-3.09
Ufone,4339056.29,2023-12,3898348.13,11.3
Ufone,4143282.52,2024-01,4339056.29,-4.51
Ufone,4028473.19,2024-02,4143282.52,-2.77
Ufone,4474879.83,2024-03,4028473.19,11.08
Ufone,4288111.03,2024-04,4474879.83,-4.17
Ufone,4528224.83,2024-05,4288111.03,5.6
Ufone,4326878.64,2024-06,4528224.83,-4.45
Ufone,4676898.37,2024-07,4326878.64,8.09
Ufone,4552690.38,2024-08,4676898.37,-2.66
Ufone,4559297.77,2024-09,4552690.38,0.15
Ufone,4723534.86,2024-10,4559297.77,3.6
Ufone,4571697.37,2024-11,4723534.86,-3.21
Ufone,4859711.24,2024-12,4571697.37,6.3
Ufone,4930102.79,2025-01,4859711.24,1.45
Ufone,4425210.85,2025-02,4930102.79,-10.24
Ufone,5253473.78,2025-03,4425210.85,18.72
Ufone,4976954.33,2025-04,5253473.78,-5.26
Ufone,5212039.34,2025-05,4976954.33,4.72
Ufone,5114925.74,2025-06,5212039.34,-1.86
Ufone,5402185.97,2025-07,5114925.74,5.62
Ufone,5518109.3,2025-08,5402185.97,2.15
Ufone,5384771.5,2025-09,5518109.3,-2.42
Ufone,5786633.71,2025-10,5384771.5,7.46
Ufone,5677306.32,2025-11,5786633.71,-1.89
Ufone,6153314.14,2025-12,5677306.32,8.38
Ufone,6369765.39,2026-01,6153314.14,3.52
Ufone,5983911.33,2026-02,6369765.39,-6.06
Ufone,7172112.09,2026-03,5983911.33,19.86
Ufone,7193587.46,2026-04,7172112.09,0.3
Ufone,8152879.73,2026-05,7193587.46,13.34
Ufone,8823097.02,2026-06,8152879.73,8.22
Ufone,3975668.55,2026-07,8823097.02,-54.94
Zong,135097.05,2021-01,,
Zong,267705.21,2021-02,135097.05,98.16
Zong,545815.06,2021-03,267705.21,103.89
Zong,737348.68,2021-04,545815.06,35.09
Zong,1040638.04,2021-05,737348.68,41.13
Zong,1185130.58,2021-06,1040638.04,13.88
Zong,1484023.19,2021-07,1185130.58,25.22
Zong,1698018.87,2021-08,1484023.19,14.42
Zong,1811786.33,2021-09,1698018.87,6.7
Zong,2147826.47,2021-10,1811786.33,18.55
Zong,2322242.29,2021-11,2147826.47,8.12
Zong,2668383.6,2021-12,2322242.29,14.91
Zong,2874641.23,2022-01,2668383.6,7.73
Zong,2788179.68,2022-02,2874641.23,-3.01
Zong,3495819.13,2022-03,2788179.68,25.38
Zong,3372107.98,2022-04,3495819.13,-3.54
Zong,3796951.1,2022-05,3372107.98,12.6
Zong,3760640.93,2022-06,3796951.1,-0.96
Zong,4169492.7,2022-07,3760640.93,10.87
Zong,4407020.21,2022-08,4169492.7,5.7
Zong,4414209.75,2022-09,4407020.21,0.16
Zong,4900580.93,2022-10,4414209.75,11.02
Zong,4930220.64,2022-11,4900580.93,0.6
Zong,5392001.46,2022-12,4930220.64,9.37
Zong,5660393.12,2023-01,5392001.46,4.98
Zong,5222942.61,2023-02,5660393.12,-7.73
Zong,6436637.55,2023-03,5222942.61,23.24
Zong,6050476.44,2023-04,6436637.55,-6.0
Zong,6668828.93,2023-05,6050476.44,10.22
Zong,6417461.49,2023-06,6668828.93,-3.77
Zong,7171591.66,2023-07,6417461.49,11.75
Zong,7121700.37,2023-08,7171591.66,-0.7
Zong,7035719.06,2023-09,7121700.37,-1.21
Zong,7775342.2,2023-10,7035719.06,10.51
Zong,7434146.53,2023-11,7775342.2,-4.39
Zong,8139321.45,2023-12,7434146.53,9.49
Zong,8094130.87,2024-01,8139321.45,-0.56
Zong,7658892.25,2024-02,8094130.87,-5.38
Zong,8652778.0,2024-03,7658892.25,12.98
Zong,8130689.67,2024-04,8652778.0,-6.03
Zong,8567590.95,2024-05,8130689.67,5.37
Zong,8337163.61,2024-06,8567590.95,-2.69
Zong,8729256.04,2024-07,8337163.61,4.7
Zong,8654344.37,2024-08,8729256.04,-0.86
Zong,8534921.61,2024-09,8654344.37,-1.38
Zong,9056999.11,2024-10,8534921.61,6.12
Zong,8624168.27,2024-11,9056999.11,-4.78
Zong,9063582.89,2024-12,8624168.27,5.1
Zong,9165210.84,2025-01,9063582.89,1.12
Zong,8388502.56,2025-02,9165210.84,-8.47
Zong,9744819.68,2025-03,8388502.56,16.17
Zong,9213792.61,2025-04,9744819.68,-5.45
Zong,9808243.18,2025-05,9213792.61,6.45
Zong,9562624.28,2025-06,9808243.18,-2.5
Zong,10369163.81,2025-07,9562624.28,8.43
Zong,10147700.42,2025-08,10369163.81,-2.14
Zong,10311180.46,2025-09,10147700.42,1.61
Zong,10784698.38,2025-10,10311180.46,4.59
Zong,10786674.86,2025-11,10784698.38,0.02
Zong,11570259.38,2025-12,10786674.86,7.26
Zong,11645225.88,2026-01,11570259.38,0.65
Zong,10984918.13,2026-02,11645225.88,-5.67
Zong,13208848.61,2026-03,10984918.13,20.25
Zong,12921143.9,2026-04,13208848.61,-2.18
Zong,14655312.1,2026-05,12921143.9,13.42
Zong,15458299.25,2026-06,14655312.1,5.48
Zong,6566176.05,2026-07,15458299.25,-57.52
